--
-- Data for Name: local_authority; Type: TABLE DATA; Schema: public; Owner: stela
--

INSERT INTO local_authority VALUES ('639fd48c-93b9-4569-a414-3b372c71e0a1', false, false, '999', '1', 'SICTIAM-Test', '31', '999888777');


--
-- Data for Name: acte; Type: TABLE DATA; Schema: public; Owner: stela
--

INSERT INTO acte VALUES ('e2180eac-36a0-4474-ae35-17a874dc763a', '1-1-0-0-0', '2017-09-30 08:45:56.144', '2017-09-30', '\x255044462d312e340d25e2e3cfd30d0a362030206f626a0d3c3c2f4c696e656172697a656420312f4c20353931312f4f20382f4520313736332f4e20312f5420353734352f48205b20343736203135305d3e3e0d656e646f626a0d20202020202020202020202020202020202020202020200d0a787265660d0a3620390d0a30303030303030303136203030303030206e0d0a30303030303030363236203030303030206e0d0a30303030303030373033203030303030206e0d0a30303030303030383336203030303030206e0d0a30303030303030393230203030303030206e0d0a30303030303031313135203030303030206e0d0a30303030303031343631203030303030206e0d0a30303030303031363836203030303030206e0d0a30303030303030343736203030303030206e0d0a747261696c65720d0a3c3c2f53697a652031352f5072657620353733352f526f6f742037203020522f496e666f2035203020522f49445b3c39303734434243343039393834423937373736454643323137373542463935313e3c41423933343037454144364534333433414241353744304641343146433946333e5d3e3e0d0a7374617274787265660d0a300d0a2525454f460d0a2020202020202020202020202020202020200d0a31342030206f626a0d3c3c2f4c656e6774682036362f46696c7465722f466c6174654465636f64652f492038362f4c2037302f532033383e3e73747265616d0d0a78da62606060636060d264000216150654c0081264e06850401263836206065f064e19c67317ae2c80a965f305d24c406c05c4ac0c0ca230332e02041800e0fa06140d0a656e6473747265616d0d656e646f626a0d372030206f626a0d3c3c2f4d657461646174612034203020522f50616765732033203020522f547970652f436174616c6f672f506167654c6162656c732031203020523e3e0d656e646f626a0d382030206f626a0d3c3c2f43726f70426f785b302030203539352e3232203834325d2f506172656e742033203020522f436f6e74656e7473203130203020522f526f7461746520302f4d65646961426f785b302030203539352e3232203834325d2f5265736f75726365732039203020522f547970652f506167653e3e0d656e646f626a0d392030206f626a0d3c3c2f466f6e743c3c2f545432203131203020523e3e2f50726f635365745b2f5044462f546578745d2f4578744753746174653c3c2f475331203133203020523e3e3e3e0d656e646f626a0d31302030206f626a0d3c3c2f4c656e677468203132352f46696c7465722f466c6174654465636f64653e3e73747265616d0d0a68de148b3b0e02310c057b9fe27540e3b51d129c16f16991f00d20bb12622504051c9fac5e336fa4514c349caf8ae94382cc529222d7cc0637e59a7678371a691f34441814319256ae5b2f90be851d66a917d90bbb4b42ccc4a9eb895844fbbf2d603dfed2fa7238e1be6abf36bf9e6d130f3a06fd051800790c1d8b0a0d0a656e6473747265616d0d656e646f626a0d31312030206f626a0d3c3c2f537562747970652f54727565547970652f466f6e7444657363726970746f72203132203020522f4c61737443686172203132302f5769647468735b333532203020302030203020302030203236392030203020302030203020302030203020302030203020302030203020302030203020302030203020302030203020302030203020302030203737312030203537352030203020302030203020302030203020302036303320302030203020302030203020302030203020302030203020302030203020302030203020302036323320353936203020302030203020302030203237342039373320302030203632332030203020302030203020302030203539325d2f42617365466f6e742f56657264616e612f4669727374436861722033322f456e636f64696e672f57696e416e7369456e636f64696e672f547970652f466f6e743e3e0d656e646f626a0d31322030206f626a0d3c3c2f5374656d562039322f466f6e744e616d652f56657264616e612f466f6e74537472657463682f4e6f726d616c2f466f6e74576569676874203430302f466c6167732033322f44657363656e74202d3230392f466f6e7442426f785b2d343935202d333033203134343720313030305d2f417363656e7420313030352f466f6e7446616d696c792856657264616e61292f436170486569676874203733342f58486569676874203534362f547970652f466f6e7444657363726970746f722f4974616c6963416e676c6520303e3e0d656e646f626a0d31332030206f626a0d3c3c2f4f504d20312f4f502066616c73652f6f702066616c73652f547970652f4578744753746174652f53412066616c73652f534d20302e30323e3e0d656e646f626a0d312030206f626a0d3c3c2f4e756d735b302032203020525d3e3e0d656e646f626a0d322030206f626a0d3c3c2f532f443e3e0d656e646f626a0d332030206f626a0d3c3c2f436f756e7420312f547970652f50616765732f4b6964735b38203020525d3e3e0d656e646f626a0d342030206f626a0d3c3c2f537562747970652f584d4c2f4c656e67746820333537372f547970652f4d657461646174613e3e73747265616d0d0a3c3f787061636b657420626567696e3d22efbbbf222069643d2257354d304d7043656869487a7265537a4e54637a6b633964223f3e0a3c783a786d706d65746120786d6c6e733a783d2261646f62653a6e733a6d6574612f2220783a786d70746b3d2241646f626520584d5020436f726520342e302d633332312034342e3339383131362c205475652041756720303420323030392031343a32343a3339223e0a2020203c7264663a52444620786d6c6e733a7264663d22687474703a2f2f7777772e77332e6f72672f313939392f30322f32322d7264662d73796e7461782d6e7323223e0a2020202020203c7264663a4465736372697074696f6e207264663a61626f75743d22220a202020202020202020202020786d6c6e733a7064663d22687474703a2f2f6e732e61646f62652e636f6d2f7064662f312e332f223e0a2020202020202020203c7064663a50726f64756365723e4163726f6261742044697374696c6c657220382e322e30202857696e646f7773293c2f7064663a50726f64756365723e0a2020202020203c2f7264663a4465736372697074696f6e3e0a2020202020203c7264663a4465736372697074696f6e207264663a61626f75743d22220a202020202020202020202020786d6c6e733a7861703d22687474703a2f2f6e732e61646f62652e636f6d2f7861702f312e302f223e0a2020202020202020203c7861703a43726561746f72546f6f6c3e50536372697074352e646c6c2056657273696f6e20352e322e323c2f7861703a43726561746f72546f6f6c3e0a2020202020202020203c7861703a4d6f64696679446174653e323031302d30312d32315431303a31333a30342b30313a30303c2f7861703a4d6f64696679446174653e0a2020202020202020203c7861703a437265617465446174653e323031302d30312d32315431303a31333a30342b30313a30303c2f7861703a437265617465446174653e0a2020202020203c2f7264663a4465736372697074696f6e3e0a2020202020203c7264663a4465736372697074696f6e207264663a61626f75743d22220a202020202020202020202020786d6c6e733a64633d22687474703a2f2f7075726c2e6f72672f64632f656c656d656e74732f312e312f223e0a2020202020202020203c64633a666f726d61743e6170706c69636174696f6e2f7064663c2f64633a666f726d61743e0a2020202020202020203c64633a7469746c653e0a2020202020202020202020203c7264663a416c743e0a2020202020202020202020202020203c7264663a6c6920786d6c3a6c616e673d22782d64656661756c74223e706c616e5f66722e666c613c2f7264663a6c693e0a2020202020202020202020203c2f7264663a416c743e0a2020202020202020203c2f64633a7469746c653e0a2020202020202020203c64633a63726561746f723e0a2020202020202020202020203c7264663a5365713e0a2020202020202020202020202020203c7264663a6c693e42617074697374653c2f7264663a6c693e0a2020202020202020202020203c2f7264663a5365713e0a2020202020202020203c2f64633a63726561746f723e0a2020202020203c2f7264663a4465736372697074696f6e3e0a2020202020203c7264663a4465736372697074696f6e207264663a61626f75743d22220a202020202020202020202020786d6c6e733a7861704d4d3d22687474703a2f2f6e732e61646f62652e636f6d2f7861702f312e302f6d6d2f223e0a2020202020202020203c7861704d4d3a446f63756d656e7449443e757569643a61616638653834312d383361312d343536382d396565622d6536306134376363383330643c2f7861704d4d3a446f63756d656e7449443e0a2020202020202020203c7861704d4d3a496e7374616e636549443e757569643a61396463386435312d636663612d343434322d623766362d6466363238373663393037613c2f7861704d4d3a496e7374616e636549443e0a2020202020203c2f7264663a4465736372697074696f6e3e0a2020203c2f7264663a5244463e0a3c2f783a786d706d6574613e0a202020202020202020202020202020202020202020202020202020202020202020202020202020202020202020202020202020202020202020202020202020202020202020202020202020202020202020202020202020202020202020202020202020200a202020202020202020202020202020202020202020202020202020202020202020202020202020202020202020202020202020202020202020202020202020202020202020202020202020202020202020202020202020202020202020202020202020200a202020202020202020202020202020202020202020202020202020202020202020202020202020202020202020202020202020202020202020202020202020202020202020202020202020202020202020202020202020202020202020202020202020200a202020202020202020202020202020202020202020202020202020202020202020202020202020202020202020202020202020202020202020202020202020202020202020202020202020202020202020202020202020202020202020202020202020200a202020202020202020202020202020202020202020202020202020202020202020202020202020202020202020202020202020202020202020202020202020202020202020202020202020202020202020202020202020202020202020202020202020200a202020202020202020202020202020202020202020202020202020202020202020202020202020202020202020202020202020202020202020202020202020202020202020202020202020202020202020202020202020202020202020202020202020200a202020202020202020202020202020202020202020202020202020202020202020202020202020202020202020202020202020202020202020202020202020202020202020202020202020202020202020202020202020202020202020202020202020200a202020202020202020202020202020202020202020202020202020202020202020202020202020202020202020202020202020202020202020202020202020202020202020202020202020202020202020202020202020202020202020202020202020200a202020202020202020202020202020202020202020202020202020202020202020202020202020202020202020202020202020202020202020202020202020202020202020202020202020202020202020202020202020202020202020202020202020200a202020202020202020202020202020202020202020202020202020202020202020202020202020202020202020202020202020202020202020202020202020202020202020202020202020202020202020202020202020202020202020202020202020200a202020202020202020202020202020202020202020202020202020202020202020202020202020202020202020202020202020202020202020202020202020202020202020202020202020202020202020202020202020202020202020202020202020200a202020202020202020202020202020202020202020202020202020202020202020202020202020202020202020202020202020202020202020202020202020202020202020202020202020202020202020202020202020202020202020202020202020200a202020202020202020202020202020202020202020202020202020202020202020202020202020202020202020202020202020202020202020202020202020202020202020202020202020202020202020202020202020202020202020202020202020200a202020202020202020202020202020202020202020202020202020202020202020202020202020202020202020202020202020202020202020202020202020202020202020202020202020202020202020202020202020202020202020202020202020200a202020202020202020202020202020202020202020202020202020202020202020202020202020202020202020202020202020202020202020202020202020202020202020202020202020202020202020202020202020202020202020202020202020200a202020202020202020202020202020202020202020202020202020202020202020202020202020202020202020202020202020202020202020202020202020202020202020202020202020202020202020202020202020202020202020202020202020200a202020202020202020202020202020202020202020202020202020202020202020202020202020202020202020202020202020202020202020202020202020202020202020202020202020202020202020202020202020202020202020202020202020200a202020202020202020202020202020202020202020202020202020202020202020202020202020202020202020202020202020202020202020202020202020202020202020202020202020202020202020202020202020202020202020202020202020200a202020202020202020202020202020202020202020202020202020202020202020202020202020202020202020202020202020202020202020202020202020202020202020202020202020202020202020202020202020202020202020202020202020200a202020202020202020202020202020202020202020202020202020202020202020202020202020202020202020202020202020202020202020202020202020202020202020202020202020202020202020202020202020202020202020202020202020200a2020202020202020202020202020202020202020202020202020200a3c3f787061636b657420656e643d2277223f3e0d0a656e6473747265616d0d656e646f626a0d352030206f626a0d3c3c2f4372656174696f6e4461746528443a32303130303132313130313330342b303127303027292f417574686f72284261707469737465292f43726561746f722850536372697074352e646c6c2056657273696f6e20352e322e32292f50726f6475636572284163726f6261742044697374696c6c657220382e322e30205c2857696e646f77735c29292f4d6f644461746528443a32303130303132313130313330342b303127303027292f5469746c6528706c616e5f66722e666c61293e3e0d656e646f626a0d787265660d0a3020360d0a3030303030303030303020363535333520660d0a30303030303031373633203030303030206e0d0a30303030303031373937203030303030206e0d0a30303030303031383231203030303030206e0d0a30303030303031383732203030303030206e0d0a30303030303035353236203030303030206e0d0a747261696c65720d0a3c3c2f53697a6520363e3e0d0a7374617274787265660d0a3131360d0a2525454f460d0a', 'acte.pdf', false, false, 0, '001', 'STELA 3 sera fini en Décembre');
INSERT INTO acte VALUES ('6ae3369d-e5b1-4e79-a4a4-64a41ccafb21', '2-1-0-0-0', '2017-09-30 08:45:56.195', '2017-09-30', '\x255044462d312e340d25e2e3cfd30d0a362030206f626a0d3c3c2f4c696e656172697a656420312f4c20353931312f4f20382f4520313736332f4e20312f5420353734352f48205b20343736203135305d3e3e0d656e646f626a0d20202020202020202020202020202020202020202020200d0a787265660d0a3620390d0a30303030303030303136203030303030206e0d0a30303030303030363236203030303030206e0d0a30303030303030373033203030303030206e0d0a30303030303030383336203030303030206e0d0a30303030303030393230203030303030206e0d0a30303030303031313135203030303030206e0d0a30303030303031343631203030303030206e0d0a30303030303031363836203030303030206e0d0a30303030303030343736203030303030206e0d0a747261696c65720d0a3c3c2f53697a652031352f5072657620353733352f526f6f742037203020522f496e666f2035203020522f49445b3c39303734434243343039393834423937373736454643323137373542463935313e3c41423933343037454144364534333433414241353744304641343146433946333e5d3e3e0d0a7374617274787265660d0a300d0a2525454f460d0a2020202020202020202020202020202020200d0a31342030206f626a0d3c3c2f4c656e6774682036362f46696c7465722f466c6174654465636f64652f492038362f4c2037302f532033383e3e73747265616d0d0a78da62606060636060d264000216150654c0081264e06850401263836206065f064e19c67317ae2c80a965f305d24c406c05c4ac0c0ca230332e02041800e0fa06140d0a656e6473747265616d0d656e646f626a0d372030206f626a0d3c3c2f4d657461646174612034203020522f50616765732033203020522f547970652f436174616c6f672f506167654c6162656c732031203020523e3e0d656e646f626a0d382030206f626a0d3c3c2f43726f70426f785b302030203539352e3232203834325d2f506172656e742033203020522f436f6e74656e7473203130203020522f526f7461746520302f4d65646961426f785b302030203539352e3232203834325d2f5265736f75726365732039203020522f547970652f506167653e3e0d656e646f626a0d392030206f626a0d3c3c2f466f6e743c3c2f545432203131203020523e3e2f50726f635365745b2f5044462f546578745d2f4578744753746174653c3c2f475331203133203020523e3e3e3e0d656e646f626a0d31302030206f626a0d3c3c2f4c656e677468203132352f46696c7465722f466c6174654465636f64653e3e73747265616d0d0a68de148b3b0e02310c057b9fe27540e3b51d129c16f16991f00d20bb12622504051c9fac5e336fa4514c349caf8ae94382cc529222d7cc0637e59a7678371a691f34441814319256ae5b2f90be851d66a917d90bbb4b42ccc4a9eb895844fbbf2d603dfed2fa7238e1be6abf36bf9e6d130f3a06fd051800790c1d8b0a0d0a656e6473747265616d0d656e646f626a0d31312030206f626a0d3c3c2f537562747970652f54727565547970652f466f6e7444657363726970746f72203132203020522f4c61737443686172203132302f5769647468735b333532203020302030203020302030203236392030203020302030203020302030203020302030203020302030203020302030203020302030203020302030203020302030203020302030203737312030203537352030203020302030203020302030203020302036303320302030203020302030203020302030203020302030203020302030203020302030203020302036323320353936203020302030203020302030203237342039373320302030203632332030203020302030203020302030203539325d2f42617365466f6e742f56657264616e612f4669727374436861722033322f456e636f64696e672f57696e416e7369456e636f64696e672f547970652f466f6e743e3e0d656e646f626a0d31322030206f626a0d3c3c2f5374656d562039322f466f6e744e616d652f56657264616e612f466f6e74537472657463682f4e6f726d616c2f466f6e74576569676874203430302f466c6167732033322f44657363656e74202d3230392f466f6e7442426f785b2d343935202d333033203134343720313030305d2f417363656e7420313030352f466f6e7446616d696c792856657264616e61292f436170486569676874203733342f58486569676874203534362f547970652f466f6e7444657363726970746f722f4974616c6963416e676c6520303e3e0d656e646f626a0d31332030206f626a0d3c3c2f4f504d20312f4f502066616c73652f6f702066616c73652f547970652f4578744753746174652f53412066616c73652f534d20302e30323e3e0d656e646f626a0d312030206f626a0d3c3c2f4e756d735b302032203020525d3e3e0d656e646f626a0d322030206f626a0d3c3c2f532f443e3e0d656e646f626a0d332030206f626a0d3c3c2f436f756e7420312f547970652f50616765732f4b6964735b38203020525d3e3e0d656e646f626a0d342030206f626a0d3c3c2f537562747970652f584d4c2f4c656e67746820333537372f547970652f4d657461646174613e3e73747265616d0d0a3c3f787061636b657420626567696e3d22efbbbf222069643d2257354d304d7043656869487a7265537a4e54637a6b633964223f3e0a3c783a786d706d65746120786d6c6e733a783d2261646f62653a6e733a6d6574612f2220783a786d70746b3d2241646f626520584d5020436f726520342e302d633332312034342e3339383131362c205475652041756720303420323030392031343a32343a3339223e0a2020203c7264663a52444620786d6c6e733a7264663d22687474703a2f2f7777772e77332e6f72672f313939392f30322f32322d7264662d73796e7461782d6e7323223e0a2020202020203c7264663a4465736372697074696f6e207264663a61626f75743d22220a202020202020202020202020786d6c6e733a7064663d22687474703a2f2f6e732e61646f62652e636f6d2f7064662f312e332f223e0a2020202020202020203c7064663a50726f64756365723e4163726f6261742044697374696c6c657220382e322e30202857696e646f7773293c2f7064663a50726f64756365723e0a2020202020203c2f7264663a4465736372697074696f6e3e0a2020202020203c7264663a4465736372697074696f6e207264663a61626f75743d22220a202020202020202020202020786d6c6e733a7861703d22687474703a2f2f6e732e61646f62652e636f6d2f7861702f312e302f223e0a2020202020202020203c7861703a43726561746f72546f6f6c3e50536372697074352e646c6c2056657273696f6e20352e322e323c2f7861703a43726561746f72546f6f6c3e0a2020202020202020203c7861703a4d6f64696679446174653e323031302d30312d32315431303a31333a30342b30313a30303c2f7861703a4d6f64696679446174653e0a2020202020202020203c7861703a437265617465446174653e323031302d30312d32315431303a31333a30342b30313a30303c2f7861703a437265617465446174653e0a2020202020203c2f7264663a4465736372697074696f6e3e0a2020202020203c7264663a4465736372697074696f6e207264663a61626f75743d22220a202020202020202020202020786d6c6e733a64633d22687474703a2f2f7075726c2e6f72672f64632f656c656d656e74732f312e312f223e0a2020202020202020203c64633a666f726d61743e6170706c69636174696f6e2f7064663c2f64633a666f726d61743e0a2020202020202020203c64633a7469746c653e0a2020202020202020202020203c7264663a416c743e0a2020202020202020202020202020203c7264663a6c6920786d6c3a6c616e673d22782d64656661756c74223e706c616e5f66722e666c613c2f7264663a6c693e0a2020202020202020202020203c2f7264663a416c743e0a2020202020202020203c2f64633a7469746c653e0a2020202020202020203c64633a63726561746f723e0a2020202020202020202020203c7264663a5365713e0a2020202020202020202020202020203c7264663a6c693e42617074697374653c2f7264663a6c693e0a2020202020202020202020203c2f7264663a5365713e0a2020202020202020203c2f64633a63726561746f723e0a2020202020203c2f7264663a4465736372697074696f6e3e0a2020202020203c7264663a4465736372697074696f6e207264663a61626f75743d22220a202020202020202020202020786d6c6e733a7861704d4d3d22687474703a2f2f6e732e61646f62652e636f6d2f7861702f312e302f6d6d2f223e0a2020202020202020203c7861704d4d3a446f63756d656e7449443e757569643a61616638653834312d383361312d343536382d396565622d6536306134376363383330643c2f7861704d4d3a446f63756d656e7449443e0a2020202020202020203c7861704d4d3a496e7374616e636549443e757569643a61396463386435312d636663612d343434322d623766362d6466363238373663393037613c2f7861704d4d3a496e7374616e636549443e0a2020202020203c2f7264663a4465736372697074696f6e3e0a2020203c2f7264663a5244463e0a3c2f783a786d706d6574613e0a202020202020202020202020202020202020202020202020202020202020202020202020202020202020202020202020202020202020202020202020202020202020202020202020202020202020202020202020202020202020202020202020202020200a202020202020202020202020202020202020202020202020202020202020202020202020202020202020202020202020202020202020202020202020202020202020202020202020202020202020202020202020202020202020202020202020202020200a202020202020202020202020202020202020202020202020202020202020202020202020202020202020202020202020202020202020202020202020202020202020202020202020202020202020202020202020202020202020202020202020202020200a202020202020202020202020202020202020202020202020202020202020202020202020202020202020202020202020202020202020202020202020202020202020202020202020202020202020202020202020202020202020202020202020202020200a202020202020202020202020202020202020202020202020202020202020202020202020202020202020202020202020202020202020202020202020202020202020202020202020202020202020202020202020202020202020202020202020202020200a202020202020202020202020202020202020202020202020202020202020202020202020202020202020202020202020202020202020202020202020202020202020202020202020202020202020202020202020202020202020202020202020202020200a202020202020202020202020202020202020202020202020202020202020202020202020202020202020202020202020202020202020202020202020202020202020202020202020202020202020202020202020202020202020202020202020202020200a202020202020202020202020202020202020202020202020202020202020202020202020202020202020202020202020202020202020202020202020202020202020202020202020202020202020202020202020202020202020202020202020202020200a202020202020202020202020202020202020202020202020202020202020202020202020202020202020202020202020202020202020202020202020202020202020202020202020202020202020202020202020202020202020202020202020202020200a202020202020202020202020202020202020202020202020202020202020202020202020202020202020202020202020202020202020202020202020202020202020202020202020202020202020202020202020202020202020202020202020202020200a202020202020202020202020202020202020202020202020202020202020202020202020202020202020202020202020202020202020202020202020202020202020202020202020202020202020202020202020202020202020202020202020202020200a202020202020202020202020202020202020202020202020202020202020202020202020202020202020202020202020202020202020202020202020202020202020202020202020202020202020202020202020202020202020202020202020202020200a202020202020202020202020202020202020202020202020202020202020202020202020202020202020202020202020202020202020202020202020202020202020202020202020202020202020202020202020202020202020202020202020202020200a202020202020202020202020202020202020202020202020202020202020202020202020202020202020202020202020202020202020202020202020202020202020202020202020202020202020202020202020202020202020202020202020202020200a202020202020202020202020202020202020202020202020202020202020202020202020202020202020202020202020202020202020202020202020202020202020202020202020202020202020202020202020202020202020202020202020202020200a202020202020202020202020202020202020202020202020202020202020202020202020202020202020202020202020202020202020202020202020202020202020202020202020202020202020202020202020202020202020202020202020202020200a202020202020202020202020202020202020202020202020202020202020202020202020202020202020202020202020202020202020202020202020202020202020202020202020202020202020202020202020202020202020202020202020202020200a202020202020202020202020202020202020202020202020202020202020202020202020202020202020202020202020202020202020202020202020202020202020202020202020202020202020202020202020202020202020202020202020202020200a202020202020202020202020202020202020202020202020202020202020202020202020202020202020202020202020202020202020202020202020202020202020202020202020202020202020202020202020202020202020202020202020202020200a202020202020202020202020202020202020202020202020202020202020202020202020202020202020202020202020202020202020202020202020202020202020202020202020202020202020202020202020202020202020202020202020202020200a2020202020202020202020202020202020202020202020202020200a3c3f787061636b657420656e643d2277223f3e0d0a656e6473747265616d0d656e646f626a0d352030206f626a0d3c3c2f4372656174696f6e4461746528443a32303130303132313130313330342b303127303027292f417574686f72284261707469737465292f43726561746f722850536372697074352e646c6c2056657273696f6e20352e322e32292f50726f6475636572284163726f6261742044697374696c6c657220382e322e30205c2857696e646f77735c29292f4d6f644461746528443a32303130303132313130313330342b303127303027292f5469746c6528706c616e5f66722e666c61293e3e0d656e646f626a0d787265660d0a3020360d0a3030303030303030303020363535333520660d0a30303030303031373633203030303030206e0d0a30303030303031373937203030303030206e0d0a30303030303031383231203030303030206e0d0a30303030303031383732203030303030206e0d0a30303030303035353236203030303030206e0d0a747261696c65720d0a3c3c2f53697a6520363e3e0d0a7374617274787265660d0a3131360d0a2525454f460d0a', 'acte.pdf', false, false, 0, '002', 'SESILE 4 sera fini quand il sera fini');
INSERT INTO acte VALUES ('6789fa11-8294-40a1-9c09-7ee2f53c18df', '3-1-0-0-0', '2017-09-30 08:45:56.216', '2017-09-30', '\x255044462d312e340d25e2e3cfd30d0a362030206f626a0d3c3c2f4c696e656172697a656420312f4c20353931312f4f20382f4520313736332f4e20312f5420353734352f48205b20343736203135305d3e3e0d656e646f626a0d20202020202020202020202020202020202020202020200d0a787265660d0a3620390d0a30303030303030303136203030303030206e0d0a30303030303030363236203030303030206e0d0a30303030303030373033203030303030206e0d0a30303030303030383336203030303030206e0d0a30303030303030393230203030303030206e0d0a30303030303031313135203030303030206e0d0a30303030303031343631203030303030206e0d0a30303030303031363836203030303030206e0d0a30303030303030343736203030303030206e0d0a747261696c65720d0a3c3c2f53697a652031352f5072657620353733352f526f6f742037203020522f496e666f2035203020522f49445b3c39303734434243343039393834423937373736454643323137373542463935313e3c41423933343037454144364534333433414241353744304641343146433946333e5d3e3e0d0a7374617274787265660d0a300d0a2525454f460d0a2020202020202020202020202020202020200d0a31342030206f626a0d3c3c2f4c656e6774682036362f46696c7465722f466c6174654465636f64652f492038362f4c2037302f532033383e3e73747265616d0d0a78da62606060636060d264000216150654c0081264e06850401263836206065f064e19c67317ae2c80a965f305d24c406c05c4ac0c0ca230332e02041800e0fa06140d0a656e6473747265616d0d656e646f626a0d372030206f626a0d3c3c2f4d657461646174612034203020522f50616765732033203020522f547970652f436174616c6f672f506167654c6162656c732031203020523e3e0d656e646f626a0d382030206f626a0d3c3c2f43726f70426f785b302030203539352e3232203834325d2f506172656e742033203020522f436f6e74656e7473203130203020522f526f7461746520302f4d65646961426f785b302030203539352e3232203834325d2f5265736f75726365732039203020522f547970652f506167653e3e0d656e646f626a0d392030206f626a0d3c3c2f466f6e743c3c2f545432203131203020523e3e2f50726f635365745b2f5044462f546578745d2f4578744753746174653c3c2f475331203133203020523e3e3e3e0d656e646f626a0d31302030206f626a0d3c3c2f4c656e677468203132352f46696c7465722f466c6174654465636f64653e3e73747265616d0d0a68de148b3b0e02310c057b9fe27540e3b51d129c16f16991f00d20bb12622504051c9fac5e336fa4514c349caf8ae94382cc529222d7cc0637e59a7678371a691f34441814319256ae5b2f90be851d66a917d90bbb4b42ccc4a9eb895844fbbf2d603dfed2fa7238e1be6abf36bf9e6d130f3a06fd051800790c1d8b0a0d0a656e6473747265616d0d656e646f626a0d31312030206f626a0d3c3c2f537562747970652f54727565547970652f466f6e7444657363726970746f72203132203020522f4c61737443686172203132302f5769647468735b333532203020302030203020302030203236392030203020302030203020302030203020302030203020302030203020302030203020302030203020302030203020302030203020302030203737312030203537352030203020302030203020302030203020302036303320302030203020302030203020302030203020302030203020302030203020302030203020302036323320353936203020302030203020302030203237342039373320302030203632332030203020302030203020302030203539325d2f42617365466f6e742f56657264616e612f4669727374436861722033322f456e636f64696e672f57696e416e7369456e636f64696e672f547970652f466f6e743e3e0d656e646f626a0d31322030206f626a0d3c3c2f5374656d562039322f466f6e744e616d652f56657264616e612f466f6e74537472657463682f4e6f726d616c2f466f6e74576569676874203430302f466c6167732033322f44657363656e74202d3230392f466f6e7442426f785b2d343935202d333033203134343720313030305d2f417363656e7420313030352f466f6e7446616d696c792856657264616e61292f436170486569676874203733342f58486569676874203534362f547970652f466f6e7444657363726970746f722f4974616c6963416e676c6520303e3e0d656e646f626a0d31332030206f626a0d3c3c2f4f504d20312f4f502066616c73652f6f702066616c73652f547970652f4578744753746174652f53412066616c73652f534d20302e30323e3e0d656e646f626a0d312030206f626a0d3c3c2f4e756d735b302032203020525d3e3e0d656e646f626a0d322030206f626a0d3c3c2f532f443e3e0d656e646f626a0d332030206f626a0d3c3c2f436f756e7420312f547970652f50616765732f4b6964735b38203020525d3e3e0d656e646f626a0d342030206f626a0d3c3c2f537562747970652f584d4c2f4c656e67746820333537372f547970652f4d657461646174613e3e73747265616d0d0a3c3f787061636b657420626567696e3d22efbbbf222069643d2257354d304d7043656869487a7265537a4e54637a6b633964223f3e0a3c783a786d706d65746120786d6c6e733a783d2261646f62653a6e733a6d6574612f2220783a786d70746b3d2241646f626520584d5020436f726520342e302d633332312034342e3339383131362c205475652041756720303420323030392031343a32343a3339223e0a2020203c7264663a52444620786d6c6e733a7264663d22687474703a2f2f7777772e77332e6f72672f313939392f30322f32322d7264662d73796e7461782d6e7323223e0a2020202020203c7264663a4465736372697074696f6e207264663a61626f75743d22220a202020202020202020202020786d6c6e733a7064663d22687474703a2f2f6e732e61646f62652e636f6d2f7064662f312e332f223e0a2020202020202020203c7064663a50726f64756365723e4163726f6261742044697374696c6c657220382e322e30202857696e646f7773293c2f7064663a50726f64756365723e0a2020202020203c2f7264663a4465736372697074696f6e3e0a2020202020203c7264663a4465736372697074696f6e207264663a61626f75743d22220a202020202020202020202020786d6c6e733a7861703d22687474703a2f2f6e732e61646f62652e636f6d2f7861702f312e302f223e0a2020202020202020203c7861703a43726561746f72546f6f6c3e50536372697074352e646c6c2056657273696f6e20352e322e323c2f7861703a43726561746f72546f6f6c3e0a2020202020202020203c7861703a4d6f64696679446174653e323031302d30312d32315431303a31333a30342b30313a30303c2f7861703a4d6f64696679446174653e0a2020202020202020203c7861703a437265617465446174653e323031302d30312d32315431303a31333a30342b30313a30303c2f7861703a437265617465446174653e0a2020202020203c2f7264663a4465736372697074696f6e3e0a2020202020203c7264663a4465736372697074696f6e207264663a61626f75743d22220a202020202020202020202020786d6c6e733a64633d22687474703a2f2f7075726c2e6f72672f64632f656c656d656e74732f312e312f223e0a2020202020202020203c64633a666f726d61743e6170706c69636174696f6e2f7064663c2f64633a666f726d61743e0a2020202020202020203c64633a7469746c653e0a2020202020202020202020203c7264663a416c743e0a2020202020202020202020202020203c7264663a6c6920786d6c3a6c616e673d22782d64656661756c74223e706c616e5f66722e666c613c2f7264663a6c693e0a2020202020202020202020203c2f7264663a416c743e0a2020202020202020203c2f64633a7469746c653e0a2020202020202020203c64633a63726561746f723e0a2020202020202020202020203c7264663a5365713e0a2020202020202020202020202020203c7264663a6c693e42617074697374653c2f7264663a6c693e0a2020202020202020202020203c2f7264663a5365713e0a2020202020202020203c2f64633a63726561746f723e0a2020202020203c2f7264663a4465736372697074696f6e3e0a2020202020203c7264663a4465736372697074696f6e207264663a61626f75743d22220a202020202020202020202020786d6c6e733a7861704d4d3d22687474703a2f2f6e732e61646f62652e636f6d2f7861702f312e302f6d6d2f223e0a2020202020202020203c7861704d4d3a446f63756d656e7449443e757569643a61616638653834312d383361312d343536382d396565622d6536306134376363383330643c2f7861704d4d3a446f63756d656e7449443e0a2020202020202020203c7861704d4d3a496e7374616e636549443e757569643a61396463386435312d636663612d343434322d623766362d6466363238373663393037613c2f7861704d4d3a496e7374616e636549443e0a2020202020203c2f7264663a4465736372697074696f6e3e0a2020203c2f7264663a5244463e0a3c2f783a786d706d6574613e0a202020202020202020202020202020202020202020202020202020202020202020202020202020202020202020202020202020202020202020202020202020202020202020202020202020202020202020202020202020202020202020202020202020200a202020202020202020202020202020202020202020202020202020202020202020202020202020202020202020202020202020202020202020202020202020202020202020202020202020202020202020202020202020202020202020202020202020200a202020202020202020202020202020202020202020202020202020202020202020202020202020202020202020202020202020202020202020202020202020202020202020202020202020202020202020202020202020202020202020202020202020200a202020202020202020202020202020202020202020202020202020202020202020202020202020202020202020202020202020202020202020202020202020202020202020202020202020202020202020202020202020202020202020202020202020200a202020202020202020202020202020202020202020202020202020202020202020202020202020202020202020202020202020202020202020202020202020202020202020202020202020202020202020202020202020202020202020202020202020200a202020202020202020202020202020202020202020202020202020202020202020202020202020202020202020202020202020202020202020202020202020202020202020202020202020202020202020202020202020202020202020202020202020200a202020202020202020202020202020202020202020202020202020202020202020202020202020202020202020202020202020202020202020202020202020202020202020202020202020202020202020202020202020202020202020202020202020200a202020202020202020202020202020202020202020202020202020202020202020202020202020202020202020202020202020202020202020202020202020202020202020202020202020202020202020202020202020202020202020202020202020200a202020202020202020202020202020202020202020202020202020202020202020202020202020202020202020202020202020202020202020202020202020202020202020202020202020202020202020202020202020202020202020202020202020200a202020202020202020202020202020202020202020202020202020202020202020202020202020202020202020202020202020202020202020202020202020202020202020202020202020202020202020202020202020202020202020202020202020200a202020202020202020202020202020202020202020202020202020202020202020202020202020202020202020202020202020202020202020202020202020202020202020202020202020202020202020202020202020202020202020202020202020200a202020202020202020202020202020202020202020202020202020202020202020202020202020202020202020202020202020202020202020202020202020202020202020202020202020202020202020202020202020202020202020202020202020200a202020202020202020202020202020202020202020202020202020202020202020202020202020202020202020202020202020202020202020202020202020202020202020202020202020202020202020202020202020202020202020202020202020200a202020202020202020202020202020202020202020202020202020202020202020202020202020202020202020202020202020202020202020202020202020202020202020202020202020202020202020202020202020202020202020202020202020200a202020202020202020202020202020202020202020202020202020202020202020202020202020202020202020202020202020202020202020202020202020202020202020202020202020202020202020202020202020202020202020202020202020200a202020202020202020202020202020202020202020202020202020202020202020202020202020202020202020202020202020202020202020202020202020202020202020202020202020202020202020202020202020202020202020202020202020200a202020202020202020202020202020202020202020202020202020202020202020202020202020202020202020202020202020202020202020202020202020202020202020202020202020202020202020202020202020202020202020202020202020200a202020202020202020202020202020202020202020202020202020202020202020202020202020202020202020202020202020202020202020202020202020202020202020202020202020202020202020202020202020202020202020202020202020200a202020202020202020202020202020202020202020202020202020202020202020202020202020202020202020202020202020202020202020202020202020202020202020202020202020202020202020202020202020202020202020202020202020200a202020202020202020202020202020202020202020202020202020202020202020202020202020202020202020202020202020202020202020202020202020202020202020202020202020202020202020202020202020202020202020202020202020200a2020202020202020202020202020202020202020202020202020200a3c3f787061636b657420656e643d2277223f3e0d0a656e6473747265616d0d656e646f626a0d352030206f626a0d3c3c2f4372656174696f6e4461746528443a32303130303132313130313330342b303127303027292f417574686f72284261707469737465292f43726561746f722850536372697074352e646c6c2056657273696f6e20352e322e32292f50726f6475636572284163726f6261742044697374696c6c657220382e322e30205c2857696e646f77735c29292f4d6f644461746528443a32303130303132313130313330342b303127303027292f5469746c6528706c616e5f66722e666c61293e3e0d656e646f626a0d787265660d0a3020360d0a3030303030303030303020363535333520660d0a30303030303031373633203030303030206e0d0a30303030303031373937203030303030206e0d0a30303030303031383231203030303030206e0d0a30303030303031383732203030303030206e0d0a30303030303035353236203030303030206e0d0a747261696c65720d0a3c3c2f53697a6520363e3e0d0a7374617274787265660d0a3131360d0a2525454f460d0a', 'acte.pdf', false, false, 0, '003', 'Le DC Exporter sera mis en attente');


--
-- Data for Name: acte_history; Type: TABLE DATA; Schema: public; Owner: stela
--

INSERT INTO acte_history VALUES ('8ac3f820-a189-4520-bfaa-0e4772f740ab', '6ae3369d-e5b1-4e79-a4a4-64a41ccafb21', '2017-09-30 08:45:56.207', NULL, NULL, NULL, 'CREATED');
INSERT INTO acte_history VALUES ('9426d961-585d-4341-95cd-a7d0e921c135', '6789fa11-8294-40a1-9c09-7ee2f53c18df', '2017-09-30 08:45:56.225', NULL, NULL, NULL, 'CREATED');
INSERT INTO acte_history VALUES ('dad5449b-9e5c-439d-a3ec-aa7e6cb6a358', 'e2180eac-36a0-4474-ae35-17a874dc763a', '2017-09-30 08:45:56.178', NULL, NULL, NULL, 'CREATED');
INSERT INTO acte_history VALUES ('9ba36d39-fb31-49dd-843c-38751533cefb', '6ae3369d-e5b1-4e79-a4a4-64a41ccafb21', '2017-09-30 08:45:56.472', '\x1f8b08000000000000ffed1a4b8c23577115654768d80169094940443c75b4ca8c88fddeebafdbd8ce7afc49868c6787b149569a2c3bedeee7716fdadd4e777bd6bb5c108803e40239a2884888cb4a5172e2b452168988d34a48cb01c10185441c100740dc8240d4ebf6df9ed92fb3417479a5e957afbaaa5ebdaa7a55afb7522c355229911295104d22f048a846747892d2fd8e73e24100a184a8b28c480cb37fa9a428884a5495e017d1514994c909441e88f4db402f080dff04b96f59b38b7b00aa1d07e49e835d4607cc0f6ccfcd0b344d04c45cd3b36c773f2f7ca3514d65040426722dc3f15c9617aeb04078ae9073039aadb807ccf1ba5d56daac6dd437363711f07283ac1b8879a11d86dd2cc68049db6ec058bae5e3c06cb38e218cc8e888ecf2e5cb401632df663d3fbdeff50e383df866a5fef4014d53704b221391aac2407487852190c6a38d72691381d46c7d63a7b2951746ee2c203e5d665dc30f5987b9615e00578cb145dff75ccb0e82c18418a3b78cb0e7c33a091570cc7d87b5980f24f168cbeb14cab08a10d5374a8d8d622d8787e868bec11cd66d83a90ae0f6835f4c329e192cc1b09d42c0fc03db6416e77836b0cdd0363ab0f4f88d98247e1e6b81e70d50b47c060b097658e80d7113fc8fe43e7eb4d8c1912a2c9252f5fc4ecf316c980177f0c03b66f123b3556db36d33bf003b30917046f986103155aea4688a5e243cf58cec3a7c2f464c32c687698017ba67e16107db2710ee7033ee4fc66df2bf4a66f3bf4c2425c9ffc701f793ff8b66c8e2046b8430c39d2745f4d430ed6ef53accf7367856e72f824bc5f89267b138cb7206205338be7383cbae1921a41346d10c826b82e7c8c4793232243bd7bcc4c242bd02c9a5826404b9d6402ddbb5d16b3d3018b29d312a4e49f10bb108c70802bb659bc0d573b9055f8a37a130b663fcd2e19411a3b267f63a93c7d3305f96ce5d8410be7d80d374d76a1d926da799175d97f5598006a44d6e0c51989cbb6725a42352fe24ebfb1423de81988941306de26da30be4a81fd859d776f242e8f7d8d02b0139e59597a5b4e7ef63f03f8acfd736eb910ba7c0a521964cc63d080f63e8619e4b77e524f728e3e8fc4f2559d466f3bfaa4a49fe3f0e38b35daea6685a5e39f3e147bffecdcab28a08f29a97567239bc69bbccf0edabcc42146f2245a7149f43195c41545325bc05d806523459c12fa05d246b2aa20ab95028ac30d7e22cd0625859eefbacc525e92bcb645403c48643ee08a78af3388d4873b88c344fa78b6416472955e670b24ae7706a669e1f5fdc0817fa5012337f65196c5407f3c0b2f1b6cf0ec0169282773c2f441a5871076fb82d0f29f1637937a7134d2ead9764a2eb19795dd7344dad544b22d53465bdaa2bb4902baeeb924cb44ab1ac566449968aeb45452b936a51a6d5925e950adcbacbdc61c3d8866465f9cc99cab9eacaf2223b5379623399bb1fb691aae2aaedc07989ab0e1c246506273dc31b28a3c20e6b04d79194291482d067460736eaf7cdbdbd3d736fef9675e291c73fbfd4f8c5a74e5b1fb4b7cf9e36bfdb5c5abab8b4f5855f054fbcf3ecb7afb17f9cbcb579d639f9fedba74efd9448e9471e7df2c4071f2f3db6b20cce306037700b6dac548d85866584069223236d1bfb70b848d173e34a97e112cc39de7e34b16934991320ca67c73e9619332bf95e77ddebefc2ce83af2a6951441959bc002ff3b669c0b6e441b1e086c08744e31d2f04332002aa58b6b1e8f51d1640b3638262fa5831aed058097dac4415f8c39f46434474a02af88667d659b88b21d47083f5c30bb8d20f9faf73c940fb7c9d42f68b69c73c23fda6f78e8aca82cd1bef56fb0f8fbdfed5cf3c424f9dfcd65b1ff6ce7ef4f3a74ebff9f8dfed1ffd6d055d3fdd3cf3e8c92fbdf5f63725ef675fdf94df7cf7077f2e7de7e6ce1bc26f6f2e697ffaf1415ffba2fd65b9fce463f48d97ded9c53f7cef7b4fb5ae3df1bb4f5f7f71fde6fbd7fef2fdf3e57fde48ede5ff7deb633ff3c7f72edd506ffca4f3b9cf6697fe75f2c913574e3df5faf2828d8e0c305842bdd70cb9e11a70624616e4862ab3c0f4ed6ee8f9b0b6c8b89b461096da061f13fcb26d85ed605752f8dcf827aafad4f86e7e9ac675523465c19cca73cb1dfd5451021751a7b5d264a46bd2687efa0d45074f5a3702c6978da17cb30cd780cdf407cb95445c1914ddb06cb7e806f6683c32d784738813960d59e725a48b11c996d16163f680a8c38e84661b6f41936c3811ea6566efb7432413c2dd683fe0c2f94ef02081a35f8f88d67928a4645d4150864a88ca321cd190ff2ee0624c090325a2ac1a1ddbb9b23a10ba0631db7d2196a049323e3f785664152fd877bc01016e9b4577df81209c58a0345ee0b9ed1a9c34e7b651cb700286bdeee02162370a245c2f0ef0f51a2269224e301bf382962480088f9c6de2a49a34272e8ff1135a94bc1e5ff538fc03fca26d05bb991956132977e8f350fd0d435852342d66314c7de3f0854eac6b98afb21035d9be0dbdd85fafdf10906de58597951aa9754bac6dbf70d567f5ab5b0df3eaaba66e411fb69ceb67fb9d6e07b80debd0bc6080260cdaa42c476328503949f86a5e28f20974beb68d4a9ecf909c262953122992e5b4a46728559f458d1e43c5de3e223282d255879dcf8a7256d285023f6272bed5caee94ab0359305a54f3525dd73111b128a68022155c7143a39f7283a76326433e4337804e06f1b1d1f47a615e10a6ceb258507742901ba4a305a64daf836102d3b484479c3973406621e95a3d136afba2e97b4d2344653b086d07ce6d94498b69825621ce2cef72b096c353f4430df18c8af7aa7adfe82e561d26407532ad3a20b325f007888d86e73985ed7a2447495b8e83066d1f82c3292de6f02ced0c9b1aa48fd615de2ef28e128a7968866983922c95b244fe0aa15942622613948b546177c26382f2415bd0324706ecf67c277231cbc4cc892e6e0330229d36a265665b3cdf8505a3db75067d338e9adcf1d4347d6887cee4ea876a169db0305b5b45138ecdb5cb3a06bf26e9a72cd6327a4e2814ba80b9d8f2d32dc7880de0d8336cf13cdf48af5915b85a66bcbd0b14abb3d70e53acb06e805d03282e8e5060fafd488119610f32026ab5a363a0d3990b835a6dd4766f940bbd9e6d650da395611999a632924153b2a266523a63cd145389216ba69991881579e3f4bb737c37064df888af6e99194ba129b3651a295996c554536ba929aba58a194d35a17037867c27de3dd24e31165225a4683ccad1735bf65f81444822241192084984244212219f2821135d1e348c79e132f4700bae4e94c96b2d36faeeb35acef2329c50915242a5a8027f869067d670b117b63d7f7558f9ade14163b07a7803b186873dcfea613dd22bc326e995b5350c5dc2d13a347801bb3a5100af8ddbe2c1752552c757be04468a2229a835ba7ad5d4b9eb5daae9da1c2e23ce5fdb66347116a728e251d7b6eacc652af4bfa3ebd4877d2d7f6c7057dfe7ee51c66dbeff13519cfbfeaf1139f9fe731c90eb05c34b8f5c8bdf47f22bc4c2d798e1e6f0783c988faefa2244b9d7e537dd780215d35cf29a85f22faf0dfee74dcfcf618e89e79ab61fb6a32b024231fca3ba4672788c854e29d6e6611be5ff08eeeac3f93dcab86dfcd3b9efbf49fc1f131c12ff5efb36f1efb1c3829f0d62ff9e42ff619b23810412482081041248208104124820810412482081041248208104124820810412482081041248208104fea7e03fc0027a8b00500000', 'SIC-EACT--210600730--20170930-3.tar.gz', NULL, 'ARCHIVE_CREATED');
INSERT INTO acte_history VALUES ('45897ec4-b089-4153-92cd-93bd806c973d', '6ae3369d-e5b1-4e79-a4a4-64a41ccafb21', '2017-09-30 08:45:56.489', NULL, NULL, NULL, 'ARCHIVE_SIZE_CHECKED');
INSERT INTO acte_history VALUES ('85b19304-1b28-4e15-8219-e5d5e27e1fd2', 'e2180eac-36a0-4474-ae35-17a874dc763a', '2017-09-30 08:45:56.476', '\x1f8b08000000000000ffed5a4d8c1c4715b6a27885162f482624066151eac8caaec84c55f5eff43033f1ecfcc44b76d6cbce105bda18bba7bb66a7ed9eeea1bb673d361704e200b9408e282212e262294a4e9c22c548893845420a070407141271401c00710b02f1aa7bfe6776fdcb3a52fa1b4bdbf5eaf57baf5ebd7a55afda9562a9914a8994a884681281474235a2c3134df73bceb1870142095165199118b37fa9a428884a5495e017f1514994d463883c14ed77402f080dff1879605db3837b08a61d0572cfc12ca37de607b6e7e6059a260262aee959b6bb9717bed5a8a632020217b996e1782ecb0b3758203c57c8b901cd56dc7de678dd2e2b6dd636ea1b9b9b0864b941d60dc4bcd00ec36e1663a0a46d37602cddf27160b659c710466c74c476fdfa75600b996fb39e9fdef37afb9c1f62b3527f7a9fa62984259189485561a0bac3c21058e3d646b9b489406bb6beb153d9ca0ba3701610ef2eb3aee187acc3dc302f4028c6d4a2ef7bae6507c1a0438cc95b46d8f3619c840a3896bec35acc0796b8b5e5750a65184588ea1ba5c646b196c34372d4df600eebb6c1550508fbc12f6619f70c8660d84e2160febe6d328b4b3c1bd866681b1d187afc46cc123f8fadc0f30e285a3e8381043b2cf486b409f9874a1f3f5a6cff50131669a97a7ea7e71836f4403878101db3f491dbaab6d9b6995f8019984838a37c03892055aea4688a5e263cf58cfc3a7c2f264c0ac6075980178667e1512fb64f20ee72321e4cc71df2bfa2a933f95f26b294e4ffa3c083e4ffa219b238c11a21f4f0e049113d354cbb5bbd0ef3bd0d9ed5f98b30d131bde4592cceb25c00e8148e6edfe0ba6b4608e984513443e096e03936719e8d0cd9ce37afb2b0506f54368b4842906a0dd4b25d1b1c88caefdc3259a7e9b33817c59cb16cc70802bb659b20ce73b9eb5e8cbd5f183b307ee960ce4850d9337b9dc97d6998284be72fc3dabdf3caa6e9aed53a20cd4e0b2fba2eebb3000d589bdc0ba230d977df468887e4fa49d10fa846ba0b35138d60dac5db4617d8513fb0b3aeede485d0efb1613802712a1caf4b69cfdfc31078145fac6dd6a3d84d412cc32232190f1d3c5c3c9f800de99e62e53e751c9effa9248bda6cfe575531c9ff478133dbe52a947af2ca990f3ffaedef5696554490d7bcba92cbe14ddb65866fdf6416a27813293aa5f83ccae00aa29a2ae12da03690a2c90a3e877691cc3771855c2a1456986b711168315696fb3e6b714dfaca32199e01d4d871c81dd154719ea611698e9691e6f97491ccd228a5ca1c4d56e91c4dcdcccbe3831bd1421f8ec4cc5f59061fd5c13d306cbcedb37df085a4e01dcf0b91065edcc11b6ecb434afc58decde944934beb2599e87a465ed7354d532bd59248354d59afea0a2de48aebba2413ad522cab155992a5e27a51d1caa45a9469b5a457a502f7ee320fd830f62159593e73a672bebab2bcc8cf549e984ce6ee856da4aab86a3bb05fe2aa03fb4999c14ecff006caa830c31ac17524650a8520f499d18189fa63f3ca952be6952bef5bc71e7bf28b4b8d5f7fe6a4f5417bfbec49f307cda5a5cb4b5b5ffa4df0d41bcf7eef16fbd7f1f737cf3ac7df7dfdc4895f1029fdd8e3a78e7df0f1d2132bcb100c037183b0d0c646d55868584668203972d2b6b1077b8c143d376e74192e419fe3ed451d9b46933901a2bc771c6399b1b092ef75d7bdfe2ecc3cc4aa9216459491c54bf0322f9b06624b1e1c16dc10e490a8bde385e00644c014cb3616bdbec30228764c304c1f1bc60d1a1ba18f8da8827cf8d36888880e4c85d8f0cc3a0b77312c35dc60fdf012aef4c3e7eb5c33f03e5fa790fd62deb1ccc8bee9b9a3a2b260f2c6b3d5fed3132f7ffd738fd113c7bffbda87bdb31ffdeaf4c9579ffca7fdd37faca0b74e36cf3c7efc2bafbdfe6dc9fbe53737e557dffcf15f4bdf7f6fe715e1f7ef2d697ff9d97e5ffbb2fd55b97cea09faca8b6fece29fbcfdc3d3ad5b4ffde1b36fbdb0fedebbb7fef6a38be57fdf4e5dc9fff7fd8ffdcc9fdfbe7a5bbdfdf3ce173e9f5dfacff153c76e9c38fdf2f282898e1c301842bdd70cb9e31ab071461ee48e2ab3c0f4ed6ee8f930b6c8b99b461096da066f137cc1b6c276b02b29bc6ffc13557daa7d2f3f4de336299ab2a04fe5b9e5ae7eaa284188a8d3566932d23569d43ffd86a24324ad1b01e3c3c6708ab30cd780c9f407c395445c191cba61d86ed10dec517be4ae89e010273c1bb2ce8b481723962da3c3c6e28150871909cd36de8222d97022d20566efb5432413c2c3682fe0caf94cf045025bbf1e31adf3a590927505c16954425496618b86fc770917634e68281167d5e8d8ce8dd581d23558b3dd73b1064d92f1c5c1b322ab78c1bce30d58e0b65974f71c5884130394c6033cbf5d839de6fc366a194ec0b0d71d3c44e2460b09d78b037abd86489a8813c2c6b2a02409608547c136b1534dba1397c7f4092b4a5e8f8f7abcfc03fc826d05bb99195113297718f370081c2e6149d1b458c430f58d972f54625dc3bcc642d4647b36d4627f7febb6806c2b2f5c506aa4d62db1b67deea6cfea37b71ae6cd6ba66e411db69ceb67fb9d6e07a40d8fa379c1004b189449594ec6704ee52ce1b5bc50e41de8626d1b953c9f21394d52a6245224cb6949cf50aa3e8b1a3d868abd3d44640427581d663e2bca5949170a7c8bc9f9562bbb53ae0e74416bd1d197eaba8e89884531051ca9e0861b1afd941b3c1d0b19ca198601143488b78da6d70bf38230b597c58aba138adc201d0d306d7a1d0c1d98a6253c92cc8503310b49d7ea9970c42f9abed7344254b683d07660df4699b498266815d699e55d0fd672788a7f68219e31f17e4def1bddc5a64307984ea64d0762b604f1006ba3e1794e61bb1ee951d296e3a041f58760734a8b393ccb3b23a606e9a37583578dbcb084c33c14c3b44149964a59227f8dd02c21b19009ce45a6b0bb9131c1f9b03d68992307767bbe1385986562e64417b70138914e3bd132b32d9eefc282d1ed3a83f21947b5eeb86b9a3fb4436772f443338b4e58983d5b451d8ecdadcb3a06bf26e9a72cd6327a4e2814ba40b9dcf2d32dc7881de0d83362f1bcdcc8ae5913b859663cbd0b0cabb3ef1c645861dd00bf0670b838c480e9f7230366943dcc1550ab1dbe063a9db96550ab8daaef8d72a1d7b3adac61b4322c23d3544632684a56d44c4a67ac99622a3164cd343312b1a2689c7e774eeec6a0161fc9d52d3363293465b64c2325cbb2986a6a2d3565b55431a3a9261cdc8da1dc89770ff5534c855409291a8f72f4dc94fd5f90284994244a122589924449a2e413a564a2ca8382312f5c871a6ec1d5893279adc5469f7f56cb597e0c2754a49450293a813f43c8336bb8d80bdb9ebf3a3cf9ade14161b07a7001b1868735cfea4135d24bc322e9a5b5350c55c2e13634f8017675e200bc362e8b07d795481d5ff91268298aa4a0d6e8ea5553e7ae77a9a66b73b48c387f6d9bd1c4599aa288875ddbaa3397a950ff8eae531ff5b5fc91e19e3ed3dda78e3b7cff27229dfbfea391e4fbff9120d70b86971eb916bf8fe45788856f786d3787c7ed417f74d51711ca1e549713ed98e1aad72c94d9e07fddf839ccdb714fd3f6c376743b4028867f54d7480e8fa9502445863c6a777cea704fdfcfef53c71dd7bf38fbff3f93f57f543860fd33e30eebbfd7e55fba0e4801efdc1ae480de7d25814fcfee9b20418204091224489020418204091224489020418204091224489020418204091224489020c183e17f12838a2300500000', 'SIC-EACT--210600730--20170930-1.tar.gz', NULL, 'ARCHIVE_CREATED');
INSERT INTO acte_history VALUES ('91e080c0-9f6b-4a7c-afd4-956515b32d57', '6789fa11-8294-40a1-9c09-7ee2f53c18df', '2017-09-30 08:45:56.476', '\x1f8b08000000000000ffed5a4d8c1c4715b6a27885162f482624061151eac8caaec84c55f5eff43033f1ecfcc44b76d6cbce605bda18bba7bb66a7ed9eeea1bb673d361704e200b9408e282212e262290a274e966224224e9190c201c10185441c100740dc8240bcea9eff995dffb28e94fec6d276bd7afddeab57af5ed5ab76a5586aa45222252a219a44e091508de8f024a6fb1de7d8a300a184a8b28c488cd9bf5452144425aa4af08bf8a8244ada31441e89f6bba01784867f8c3cb4aed9c13d02d38e02b9176196d13ef303db73f3024d130131d7f42cdbddcb0bdf6854531901818b5ccb703c97e5851b2c105e2ce4dc80662bee3e73bc6e9795366b1bf58dcd4d04b2dc20eb06625e688761378b3150d2b61b30966ef93830dbac630823363a62bb7efd3ab085ccb759cf4fef79bd7dce0fb159a93fb74fd314c292c844a4aa3050dd616108ac716ba35cda44a0355bdfd8a96ce58551380b88779759d7f043d6616e98172014636ad1f73dd7b28360d021c6e42d23ecf9304e42051c4bdf612de6034bdcdaf23a85328c2244f58d5263a358cbe12139ea6f308775dbe0aa0284fde017b38c7b0643306ca710307fdf3699c5259e096c33b48d0e0c3d7e2366899fc756e07907142d9fc140821d167a43da84fc43a58f1f2db67fa8098bb4543dbfd3730c1b7a201c3c888e59fac86d55db6cdbcc2fc00c4c249c51be21444a952b299aa297094f3d23bf0edf8b099382f14116e085e15978dc8bed63887b9c8c87d37197fcaf127126ffcb449292fc7f147898fc5f344316275823841e1e3c29a2a7866977abd761beb7c1b33a7f11422aa6973c8bc559960b009dc2d1ed1b5c77cd08219d308a6608dc123cc726ceb39121dbb9e655161636192a9750a5dff56093f111645c0375ec00dc880cc8d1605d9c8f62ee58be630481ddb24d10e9b9dc7de7e319288c9d18bf74306724a8ec99bdcee4de344c96a5739761fdde7d75d374d76a1d906aa785175d97f5598006ac4dee095198ec7b6023c443f2fda4e8875423dd839a894630ede26da30beca81fd859d776f242e8f7d8302481381592d7a5b4e7ef61083e8a2fd636eb51fca6209e6121998c870f1e2ea0c7bc29dd579c3ca08ec3f33f9564519bcdfff037c9ff4781d3dbe56a8aa6e595d31f7cf8dbdfad2cab8820af79752597c39bb6cb0cdfbec92c44f12652744af13994c115443555c25b406d204593157c16ed2259531155c8a5426185b9161781166365b9efb316d7a4af2c93d11920761c724734559ca769449aa365a4793e5d24b3344aa9324793553a475333f3f2f8e046b4d0872331f35796c14775700f0c1b6ffb6c1f7c212978c7f342a4811777f086dbf290123f9677733ad1e4d27a4926ba9e91d7754dd3d44ab524524d53d6abba420bb9e2ba2ec944ab14cb6a459664a9b85e54b432a916655a2de955a9c0bdbbcc03368c7d4856964f9fae9cabae2c2ff23395272693b97b611ba92aaeda0e6c53b8eac05e5266b0d333bc81322accb046701d49994221087d667460a2fed8bc72e58a79e5ca7bd6b1279efefc52e3579f3a69bddfde3e73d2fc5e7369e9f2d2d6177e133cf3d60bdfb9c5fe75fcbdcd33cef177de3c71e267444a3ff1e4a963ef7fb4f4d4ca3204c340dc202cb4b15135161a96111a488e9cb46decc1fe2245cf8d1b5d864bd0e7787b51c7a6d1644e8028ef1dc758662cace47bdd75afbf0b330fb1aaa445116564f112bccccba681d892e7f21d19e490a8bde385e00644c014cb3616bdbec30228764c304c1f1bc60d1a1ba18f8da8827cf8d368c08976602ac48667d659b88b61a9e106eb879770a51fbe54e79a81f7a53a85ec17f38e6546f64dcf1d15950593379eadf69f9e7af5ab9f79829e38feed373ee89df9f097cf9e7cfde97fda3ffec70aba7db279fac9e35f7ae3cd6f4adecfbfbe29bffe8b1ffeb5f4dd77775e137effee92f6979fecf7b52fda5f96cba79ea2af9d7f6b17ffe8edef3fdbbaf5cc1f3e7dfbe5f577dfb9f5b71f5c2cfffb4eea4afebfef7de467fefcf6d53bea9d9f763ef7d9ecd27f8e9f3a76e3c4b3af2e2f98e8c8018321d47bcd903bae019b66e441eea8320b4cdfee869e0f638b9cbb690461a96df036c1176c2b6c07bb92c2fbc63f51d5a7daf7f3d3346e93a2290bfa549e5beee9a78a1284883a6d9526235d9346fdd36f283a44d2ba11303e6c0c2738cb700d984c7f305c49c495c1a11b86ed16ddc01eb547ee9a080e71c2b321eb9c47ba18b16c191d36160f843acc4868b6f11614c98613912e307baf1d2299101e467b0157ce67822f12d8faf588699d2f8594ac2b084ea212a2b20c5b34e4bf4bb8187342438938ab46c7766eac0e94aec19aed9e8d3568928c2f0e9e1559c50be61d6fc002b7cda2bbe7c0229c18a0341ee0b9ed1aec34e7b651cb700286bdeee02112375a48b85e1cd0eb3544d2449c103696052549002b3c0ab6899d6ad29db83ca64f5851f27a7cd4e3e51fe0976d2bd8cdcc889a48b9c3988703e070094b8aa6c52286a96fbc7ca112eb1ae63516a226dbb3a116fbfbed3b02b2adbc7041a9915ab7c4daf6d99b3eabdfdc6a9837af99ba0575d872ae9fed77ba1d90363c8ae605032c615026653919c31995b384d7f2429177a08bb56d54f27c86e43449999248912ca7253d43a9fa026af4182af6f61091119c5e7598f9ac2867255d28f02d26e75badec4eb93ad005ad45c75eaaeb3a262216c51470a4821b6e68f4536ef05c2c642867180650cc20de369a5e2fcc0bc2d45e162bea4e2872837434c0b4e9753074609a96f04832170ec42c245dab67c2f1be68fa5ed30851d90e42db817d1b65d2629aa055586796773d58cbe129fea18578c6c40735bd6f74179b0e1d603a99361d88d912c403ac8d86e73985ed7aa447495b8e8306951f82cd292de6f02cef8c981aa48fd60d5e31f2a2120ef3500cd30625592a6589fc1542b384c44226381799c2ee45c604e7a3f6a0658e1cd8edf94e1462968999135ddc06e0443aed44cbccb678be0b0b46b7eb0c4a671cd5b9e3ae69fed00e9dc9d10fcd2c3a6161f66c15753836b72eeb18fc9aa49fb258cbe839a150e802e572cb4fb71c23768063cf88c5f37223bb664de06699f1f42e30accebe759061857503fc1af06b87830d987e3f326046d9a35c01b5dae16ba0d3995b06b5daa8f2de28177a3ddbca1a462bc332324d652483a66445cda474c69a29a61243d64c3323112b8ac6e977e7e46e0ceaf0915cdd323396425366cb3452b22c8ba9a6d65253564b15339a6ac2c1dd18ca9d78f7503fc554489590a2f12847cf4dd9ff0589924449a2245192284994244a3e564a26aa3c2818f3c275a8e1165c9d2893d75a6cf4e967b59ce5c77042454a0995a213f8f3843cbf868bbdb0edf9abc393df1a1e1406ab0717106b7858f3ac1e5423bd322c925e595bc350251c6e43831f6057270ec06be3b278705d89d4f1952f8196a2480a6a8dae5e3575ee7a976aba3647cb88f3d7b6194d9ca5298a78d8b5ad3a73990af5efe83af5715fcb1f19eeeb13dd03eab8cbf77f22d2b9ef3f1a5192ef3f47815c2f185e7ae45afc3e925f2116bee6b5dd1c1eb707fdd1555f44287b505d4eb46386ab5eb3506683ff75e3e7306fc73d4ddb0fdbd1ed00a118fe515d23393ca642911419f2b8ddf189c37d7d3b7f401d775dffe2ecffff4cd6ff51e180f5cf8cbbacff5e977fe93a2005fcfad62007f41e28097c7276df04091224489020418204091224489020418204091224489020418204091224489020418204091e0eff0355e386a700500000', 'SIC-EACT--210600730--20170930-2.tar.gz', NULL, 'ARCHIVE_CREATED');
INSERT INTO acte_history VALUES ('9b46468e-87da-4fc8-909a-34225a99fc99', '6789fa11-8294-40a1-9c09-7ee2f53c18df', '2017-09-30 08:45:56.492', NULL, NULL, NULL, 'ARCHIVE_SIZE_CHECKED');
INSERT INTO acte_history VALUES ('ca73b6e8-de8d-4da4-8f19-92c63ef8075b', 'e2180eac-36a0-4474-ae35-17a874dc763a', '2017-09-30 08:45:56.508', NULL, NULL, NULL, 'ARCHIVE_SIZE_CHECKED');
INSERT INTO acte_history VALUES ('65c9aaff-f8ef-4742-82c3-ea7f404f6263', '6789fa11-8294-40a1-9c09-7ee2f53c18df', '2017-09-30 08:45:58.265', NULL, NULL, NULL, 'ACK_RECEIVED');
INSERT INTO acte_history VALUES ('6547ca31-fb70-49fb-99fb-b62f0b8c9c9a', '6ae3369d-e5b1-4e79-a4a4-64a41ccafb21', '2017-09-30 08:45:58.265', NULL, NULL, 'Cet acte a déjà été transmis, un acte avec le même id existe dans le système"', 'NACK_RECEIVED');


--
-- Data for Name: acte_acte_histories; Type: TABLE DATA; Schema: public; Owner: stela
--

INSERT INTO acte_acte_histories VALUES ('6789fa11-8294-40a1-9c09-7ee2f53c18df', '9426d961-585d-4341-95cd-a7d0e921c135');
INSERT INTO acte_acte_histories VALUES ('6ae3369d-e5b1-4e79-a4a4-64a41ccafb21', '8ac3f820-a189-4520-bfaa-0e4772f740ab');
INSERT INTO acte_acte_histories VALUES ('e2180eac-36a0-4474-ae35-17a874dc763a', 'dad5449b-9e5c-439d-a3ec-aa7e6cb6a358');
INSERT INTO acte_acte_histories VALUES ('6ae3369d-e5b1-4e79-a4a4-64a41ccafb21', '9ba36d39-fb31-49dd-843c-38751533cefb');
INSERT INTO acte_acte_histories VALUES ('6ae3369d-e5b1-4e79-a4a4-64a41ccafb21', '45897ec4-b089-4153-92cd-93bd806c973d');
INSERT INTO acte_acte_histories VALUES ('e2180eac-36a0-4474-ae35-17a874dc763a', '85b19304-1b28-4e15-8219-e5d5e27e1fd2');
INSERT INTO acte_acte_histories VALUES ('6789fa11-8294-40a1-9c09-7ee2f53c18df', '91e080c0-9f6b-4a7c-afd4-956515b32d57');
INSERT INTO acte_acte_histories VALUES ('6789fa11-8294-40a1-9c09-7ee2f53c18df', '9b46468e-87da-4fc8-909a-34225a99fc99');
INSERT INTO acte_acte_histories VALUES ('e2180eac-36a0-4474-ae35-17a874dc763a', 'ca73b6e8-de8d-4da4-8f19-92c63ef8075b');
INSERT INTO acte_acte_histories VALUES ('6789fa11-8294-40a1-9c09-7ee2f53c18df', '65c9aaff-f8ef-4742-82c3-ea7f404f6263');
INSERT INTO acte_acte_histories VALUES ('6ae3369d-e5b1-4e79-a4a4-64a41ccafb21', '6547ca31-fb70-49fb-99fb-b62f0b8c9c9a');


--
-- Data for Name: attachment; Type: TABLE DATA; Schema: public; Owner: stela
--

INSERT INTO attachment VALUES ('953fb220-5fbd-4c9f-b787-e180ddb98891', '\x3c757365723e0a202020203c66697273744e616d653e4a6f686e3c2f66697273744e616d653e0a202020203c66616d696c794e616d653e446f653c2f66616d696c794e616d653e0a202020203c6a6f623e446576656c6f707065723c2f6a6f623e0a202020203c6269727468446174653e30312f30312f313937303c2f6269727468446174653e0a3c2f757365723e', 'annexe1.xml');
INSERT INTO attachment VALUES ('ebf3552e-db53-405d-a2ce-85262ec44c8d', '\x3c757365723e0a202020203c66697273744e616d653e4a65616e3c2f66697273744e616d653e0a202020203c66616d696c794e616d653e4475706f6e743c2f66616d696c794e616d653e0a202020203c6a6f623e44c3a976656c6f70706575723c2f6a6f623e0a202020203c6269727468446174653e30312f30312f313937303c2f6269727468446174653e0a3c2f757365723e0a', 'annexe2.xml');
INSERT INTO attachment VALUES ('294ca9ee-b86d-4b65-a4ff-f33f7d0ba6a4', '\x3c757365723e0a202020203c66697273744e616d653e4a6f686e3c2f66697273744e616d653e0a202020203c66616d696c794e616d653e446f653c2f66616d696c794e616d653e0a202020203c6a6f623e446576656c6f707065723c2f6a6f623e0a202020203c6269727468446174653e30312f30312f313937303c2f6269727468446174653e0a3c2f757365723e', 'annexe1.xml');
INSERT INTO attachment VALUES ('e6e21b2a-e255-4874-b8e4-943bfe996dce', '\x3c757365723e0a202020203c66697273744e616d653e4a65616e3c2f66697273744e616d653e0a202020203c66616d696c794e616d653e4475706f6e743c2f66616d696c794e616d653e0a202020203c6a6f623e44c3a976656c6f70706575723c2f6a6f623e0a202020203c6269727468446174653e30312f30312f313937303c2f6269727468446174653e0a3c2f757365723e0a', 'annexe2.xml');
INSERT INTO attachment VALUES ('b959f8ae-1ea5-4ac3-8e54-0480f77bfcd6', '\x3c757365723e0a202020203c66697273744e616d653e4a6f686e3c2f66697273744e616d653e0a202020203c66616d696c794e616d653e446f653c2f66616d696c794e616d653e0a202020203c6a6f623e446576656c6f707065723c2f6a6f623e0a202020203c6269727468446174653e30312f30312f313937303c2f6269727468446174653e0a3c2f757365723e', 'annexe1.xml');
INSERT INTO attachment VALUES ('01b220c1-2dee-44e7-ad4f-defe9540e5cd', '\x3c757365723e0a202020203c66697273744e616d653e4a65616e3c2f66697273744e616d653e0a202020203c66616d696c794e616d653e4475706f6e743c2f66616d696c794e616d653e0a202020203c6a6f623e44c3a976656c6f70706575723c2f6a6f623e0a202020203c6269727468446174653e30312f30312f313937303c2f6269727468446174653e0a3c2f757365723e0a', 'annexe2.xml');


--
-- Data for Name: acte_annexes; Type: TABLE DATA; Schema: public; Owner: stela
--

INSERT INTO acte_annexes VALUES ('e2180eac-36a0-4474-ae35-17a874dc763a', '953fb220-5fbd-4c9f-b787-e180ddb98891');
INSERT INTO acte_annexes VALUES ('e2180eac-36a0-4474-ae35-17a874dc763a', 'ebf3552e-db53-405d-a2ce-85262ec44c8d');
INSERT INTO acte_annexes VALUES ('6ae3369d-e5b1-4e79-a4a4-64a41ccafb21', '294ca9ee-b86d-4b65-a4ff-f33f7d0ba6a4');
INSERT INTO acte_annexes VALUES ('6ae3369d-e5b1-4e79-a4a4-64a41ccafb21', 'e6e21b2a-e255-4874-b8e4-943bfe996dce');
INSERT INTO acte_annexes VALUES ('6789fa11-8294-40a1-9c09-7ee2f53c18df', 'b959f8ae-1ea5-4ac3-8e54-0480f77bfcd6');
INSERT INTO acte_annexes VALUES ('6789fa11-8294-40a1-9c09-7ee2f53c18df', '01b220c1-2dee-44e7-ad4f-defe9540e5cd');
